<?xml version="1.0" encoding="UTF-8" ?>
<!-- DOCTYPE이 sqlMap인 xml 파일은 데이터베이스에 접속한 후 처리할 SQL 명령을 기억하는 xml 파일이다. -->
<!DOCTYPE sqlMap PUBLIC "-//iBATIS.com//DTD SQL Map 2.0//EN" "http://www.ibatis.com/dtd/sql-map-2.dtd">
<!-- sqlmap 태그 내부에 실행할 sql 명령문을 작성한다. -->
<!--
	namespace는 작업 공간을 의미한다.
	ibatis는 namespace를 생략할 수 있고 쓴다면 아무거나 쓰면 된다.
	mybatis는 namespace를 생략할 수 없고 쓴다면 아무거나 쓰면 된다.
	spring에서 mybatis를 사용할 경우 namespace를 생략할 수 없고 반드시 mapper로 사용되는 interface 이름을 써야한다.
-->
<sqlMap namespace="kr.koreait.vo.GuestbookVO">
	<!-- id : SQL 명령을 식별한다. -->
	<!-- parameterClass : SQL 명령으로 전달되는 데이터의 타입을 적는다. -->
	<!-- resultClass : SQL 명령문에의해 출력되는 데이터의 타입을 적는다. -->

	<!-- 테이블에 글 한 건을 저장한다. -->
	<insert id="insert" parameterClass="kr.koreait.vo.GuestbookVO">
		<!-- nextval => 시퀀스 값을 1증가 시킨다. currval => 현재 시퀀스 값을 의미한다. -->
		insert into guestbook (idx, name, password, memo, ip) 
		values (guestbook_idx_seq.nextval, #name#, #password#, #memo#, #ip#)
	</insert>
	
	<!-- 테이블에 저장된 전체 글의 개수를 얻어온다. -->
	<select id="selectCount" resultClass="int">
		select count(*) from guestbook
	</select>
	
	<!-- 1페이지 분량의 글 목록을 얻어온다. -->
	<select id="selectList" parameterClass="java.util.HashMap" resultClass="kr.koreait.vo.GuestbookVO">
		<!--
			<![CDATA[ ~ ]]> 사이에 입력한 내용은 무조건 문자열로 취급된다.
			쿼리 작성시 부등호가 나올 때 태그로 인식하면 안되기 때문에 부등호를 사용하는 쿼리는 <![CDATA[ ~ ]]>
			사이에 쿼리를 작성해야 한다.
			rownum와 rnum 사이에 ","를 찍으면 안되고 rnum 뒤에는 바로 "*"을 쓰면 안되고 반드시 별명을 지정하고
			별명에 "."를 찍은 다음 "*"를 입력해야 한다.
		-->
		<![CDATA[
			select * from (
				select rownum rnum, TT.* from (
					select * from guestbook order by idx desc
				) TT where rownum <= #endNo#
			) where rnum >= #startNo#
		]]>
	</select>

	<!-- 테이블에서 글 1건을 얻어온다. -->
	<select id="selectByIdx" parameterClass="int" resultClass="kr.koreait.vo.GuestbookVO">
		select * from guestbook where idx = #idx#
	</select>

	<!-- 테이블에서 글 1건을 삭제한다. -->
	<delete id="delete" parameterClass="int">
		delete from guestbook where idx = #idx#
	</delete>
	
	<!-- 테이블에서 글 1건을 수정한다. -->
	<update id="update" parameterClass="kr.koreait.vo.GuestbookVO">
		update guestbook set name = #name#, memo = #memo# where idx = #idx#
	</update>

</sqlMap>














